<?xml version="1.0" encoding="UTF-8"?>
<!DOCTYPE generatorConfiguration
        PUBLIC "-//mybatis.org//DTD MyBatis Generator Configuration 1.0//EN"
        "http://mybatis.org/dtd/mybatis-generator-config_1_0.dtd">

<generatorConfiguration>
    <properties resource="application.properties"/>

    <context id="Mysql" targetRuntime="MyBatis3Simple" defaultModelType="flat">
        <property name="beginningDelimiter" value="`"/>
        <property name="endingDelimiter" value="`"/>

        <!--<plugin type="tk.mybatis.mapper.generator.MapperPlugin">-->
            <!--<property name="mappers" value="com.yaochufa.kuya.util.MyMapper"/>-->
        <!--</plugin>-->

        <jdbcConnection driverClass="${driver-class-name}"
                        connectionURL="${druid.url}"
                        userId="${druid.username}"
                        password="${druid.password}">
        </jdbcConnection>

        <javaModelGenerator targetPackage="com.jesper.model" targetProject="src/main/java"/>

        <sqlMapGenerator targetPackage="mapper" targetProject="src/main/resources"/>

        <javaClientGenerator targetPackage="com.jesper.mapper" targetProject="src/main/java"
                             type="XMLMAPPER"/>

        <!--<table tableName="%">-->
        <!--mysql 配置-->
        <!--<generatedKey column="id" sqlStatement="Mysql" identity="true"/>-->
        <!--oracle 配置-->
        <!--<generatedKey column="id" sqlStatement="select SEQ_{1}.nextval from dual" identity="false" type="pre"/>-->
        <!--</table>-->

        <!--        <table tableName="lk361_sales_order" domainObjectName="SalesOrder"/>
                <table tableName="lk361_sales_order_detail" domainObjectName="SalesOrderDetail"/>
                <table tableName="lk361_sales_order_latest" domainObjectName="SalesOrderLatest"/>-->
        <table tableName="kuaidi100_delivery" domainObjectName="Delivery"/>
    </context>
</generatorConfiguration>